Fejér;
Fejér;
Jász-Nagykun-Szolnok;
Baranya;
Heves;
Borsod-Abaúj-Zemplén;
Borsod-Abaúj-Zemplén;
Borsod-Abaúj-Zemplén;
Borsod-Abaúj-Zemplén;
Borsod-Abaúj-Zemplén;
Borsod-Abaúj-Zemplén;
Győr-Moson-Sopron;
Borsod-Abaúj-Zemplén;
Pest;
Veszprém;
Komárom-Esztergom;
Pest;
Vas;
Győr-Moson-Sopron;
Komárom-Esztergom;
Heves;
Somogy;
Veszprém;
Fejér;
Veszprém;
Baranya;
Baranya;
Bács-Kiskun;
Győr-Moson-Sopron;
Borsod-Abaúj-Zemplén;
Győr-Moson-Sopron;
Szabolcs-Szatmár-Bereg;
Veszprém;
Veszprém;
Veszprém;
Veszprém;
Komárom-Esztergom;
Bács-Kiskun;
Borsod-Abaúj-Zemplén;
Fejér;
Jász-Nagykun-Szolnok;
Pest;
Fejér;
Heves;
Csongrád;
Zala;
Baranya;
Komárom-Esztergom;
Zala;
Békés;
Baranya;
Hajdú-Bihar;
Borsod-Abaúj-Zemplén;
Somogy;
Borsod-Abaúj-Zemplén;
Borsod-Abaúj-Zemplén;
Baranya;
Tolna;
Pest;
Zala;
Tolna;
Veszprém;
Zala;
Nógrád;
Zala;
Borsod-Abaúj-Zemplén;
Zala;
Fejér;
Baranya;
Vas;
Borsod-Abaúj-Zemplén;
Borsod-Abaúj-Zemplén;
Nógrád;
Vas;
Borsod-Abaúj-Zemplén;
Borsod-Abaúj-Zemplén;
Csongrád;
Szabolcs-Szatmár-Bereg;
Somogy;
Heves;
Vas;
Komárom-Esztergom;
Veszprém;
Szabolcs-Szatmár-Bereg;
Pest;
Tolna;
Csongrád;
Vas;
Baranya;
Heves;
Pest;
Bács-Kiskun;
Szabolcs-Szatmár-Bereg;
Baranya;
Borsod-Abaúj-Zemplén;
Borsod-Abaúj-Zemplén;
Borsod-Abaúj-Zemplén;
Borsod-Abaúj-Zemplén;
Csongrád;
Győr-Moson-Sopron;
Hajdú-Bihar;
Csongrád;
Győr-Moson-Sopron;
Borsod-Abaúj-Zemplén;
Pest;
Veszprém;
Baranya;
Heves;
Heves;
Tolna;
Baranya;
Baranya;
Somogy;
Komárom-Esztergom;
Somogy;
Zala;
Győr-Moson-Sopron;
Bács-Kiskun;
Bács-Kiskun;
Bács-Kiskun;
Bács-Kiskun;
Bács-Kiskun;
Veszprém;
Veszprém;
Veszprém;
Veszprém;
Veszprém;
Pest;
Hajdú-Bihar;
Zala;
Zala;
Győr-Moson-Sopron;
Komárom-Esztergom;
Bács-Kiskun;
Bács-Kiskun;
Vas;
Komárom-Esztergom;
Komárom-Esztergom;
Zala;
Somogy;
Baranya;
Hajdú-Bihar;
Baranya;
Komárom-Esztergom;
Veszprém;
Fejér;
Veszprém;
Veszprém;
Veszprém;
Fejér;
Veszprém;
Veszprém;
Győr-Moson-Sopron;
Veszprém;
Veszprém;
Komárom-Esztergom;
Veszprém;
Veszprém;
Veszprém;
Komárom-Esztergom;
Veszprém;
Veszprém;
Csongrád;
Baranya;
Borsod-Abaúj-Zemplén;
Szabolcs-Szatmár-Bereg;
Zala;
Borsod-Abaúj-Zemplén;
Nógrád;
Csongrád;
Heves;
Veszprém;
Veszprém;
Somogy;
Somogy;
Somogy;
Veszprém;
Veszprém;
Somogy;
Somogy;
Veszprém;
Somogy;
Veszprém;
Veszprém;
Veszprém;
Veszprém;
Zala;
Veszprém;
Veszprém;
Veszprém;
Somogy;
Somogy;
Zala;
Somogy;
Somogy;
Veszprém;
Somogy;
Somogy;
Somogy;
Somogy;
Veszprém;
Veszprém;
Veszprém;
Somogy;
Veszprém;
Fejér;
Fejér;
Szabolcs-Szatmár-Bereg;
Bács-Kiskun;
Hajdú-Bihar;
Vas;
Bács-Kiskun;
Szabolcs-Szatmár-Bereg;
Somogy;
Komárom-Esztergom;
Veszprém;
Baranya;
Borsod-Abaúj-Zemplén;
Nógrád;
Zala;
Borsod-Abaúj-Zemplén;
Baranya;
Szabolcs-Szatmár-Bereg;
Fejér;
Fejér;
Fejér;
Hajdú-Bihar;
Baranya;
Baranya;
Baranya;
Győr-Moson-Sopron;
Somogy;
Somogy;
Somogy;
Zala;
Nógrád;
Veszprém;
Komárom-Esztergom;
Baranya;
Borsod-Abaúj-Zemplén;
Tolna;
Tolna;
Tolna;
Somogy;
Bács-Kiskun;
Nógrád;
Nógrád;
Nógrád;
Heves;
Szabolcs-Szatmár-Bereg;
Békés;
Bács-Kiskun;
Zala;
Zala;
Veszprém;
Veszprém;
Zala;
Nógrád;
Borsod-Abaúj-Zemplén;
Zala;
Somogy;
Hajdú-Bihar;
Vas;
Veszprém;
Borsod-Abaúj-Zemplén;
Békés;
Békés;
Békés;
Békés;
Békés;
Békés;
Heves;
Heves;
Somogy;
Tolna;
Győr-Moson-Sopron;
Somogy;
Zala;
Békés;
Fejér;
Zala;
Baranya;
Szabolcs-Szatmár-Bereg;
Pest;
Nógrád;
Vas;
Nógrád;
Szabolcs-Szatmár-Bereg;
Szabolcs-Szatmár-Bereg;
Hajdú-Bihar;
Jász-Nagykun-Szolnok;
Baranya;
Borsod-Abaúj-Zemplén;
Borsod-Abaúj-Zemplén;
Hajdú-Bihar;
Hajdú-Bihar;
Veszprém;
Veszprém;
Nógrád;
Baranya;
Szabolcs-Szatmár-Bereg;
Pest;
Borsod-Abaúj-Zemplén;
Somogy;
Baranya;
Szabolcs-Szatmár-Bereg;
Heves;
Jász-Nagykun-Szolnok;
Fejér;
Szabolcs-Szatmár-Bereg;
Baranya;
Győr-Moson-Sopron;
Zala;
Győr-Moson-Sopron;
Pest;
Baranya;
Fejér;
Hajdú-Bihar;
Hajdú-Bihar;
Hajdú-Bihar;
Hajdú-Bihar;
Békés;
Tolna;
Baranya;
Szabolcs-Szatmár-Bereg;
Baranya;
Baranya;
Vas;
Zala;
Heves;
Bács-Kiskun;
Zala;
Hajdú-Bihar;
Baranya;
Fejér;
Fejér;
Baranya;
Győr-Moson-Sopron;
Heves;
Veszprém;
Somogy;
Borsod-Abaúj-Zemplén;
Borsod-Abaúj-Zemplén;
Borsod-Abaúj-Zemplén;
Borsod-Abaúj-Zemplén;
Borsod-Abaúj-Zemplén;
Borsod-Abaúj-Zemplén;
Borsod-Abaúj-Zemplén;
Borsod-Abaúj-Zemplén;
Baranya;
Baranya;
Baranya;
Tolna;
Győr-Moson-Sopron;
Hajdú-Bihar;
Zala;
Komárom-Esztergom;
Nógrád;
Heves;
Baranya;
Borsod-Abaúj-Zemplén;
Borsod-Abaúj-Zemplén;
Borsod-Abaúj-Zemplén;
Somogy;
Somogy;
Baranya;
Zala;
Somogy;
Tolna;
Tolna;
Tolna;
Csongrád;
Vas;
Baranya;
Bács-Kiskun;
Zala;
Borsod-Abaúj-Zemplén;
Borsod-Abaúj-Zemplén;
Borsod-Abaúj-Zemplén;
Borsod-Abaúj-Zemplén;
Borsod-Abaúj-Zemplén;
Borsod-Abaúj-Zemplén;
Borsod-Abaúj-Zemplén;
Nógrád;
Veszprém;
Veszprém;
Baranya;
Szabolcs-Szatmár-Bereg;
Baranya;
Vas;
Vas;
Borsod-Abaúj-Zemplén;
Vas;
Borsod-Abaúj-Zemplén;
Zala;
Zala;
Vas;
Vas;
Somogy;
Szabolcs-Szatmár-Bereg;
Tolna;
Győr-Moson-Sopron;
Győr-Moson-Sopron;
Zala;
Győr-Moson-Sopron;
Somogy;
Békés;
Vas;
Zala;
Zala;
Pest;
Pest;
Pest;
Pest;
